<ImportExportXml xmlns:xsi="http://www.w3.org/2001/XMLSchema-instance" OrganizationVersion="9.2.24094.164" OrganizationSchemaType="Standard" CRMServerServiceabilityVersion="9.2.24095.00154">
  <Entities></Entities>
  <Roles></Roles>
  <Workflows></Workflows>
  <FieldSecurityProfiles></FieldSecurityProfiles>
  <Templates />
  <EntityMaps />
  <EntityRelationships />
  <OrganizationSettings />
  <optionsets />
  <CustomControls />
  <EntityDataProviders />
  <CanvasApps>
    <CanvasApp>
      <Name>cr701_appdemofbx_b58c5</Name>
      <AppVersion>2024-07-14T14:31:07Z</AppVersion>
      <Status>Ready</Status>
      <CreatedByClientVersion>3.24071.7.0</CreatedByClientVersion>
      <MinClientVersion>3.24071.7.0</MinClientVersion>
      <Tags>{"primaryDeviceWidth":"2551","primaryDeviceHeight":"1181","supportsPortrait":"true","supportsLandscape":"true","primaryFormFactor":"Tablet","showStatusBar":"false","publisherVersion":"3.24071.7","minimumRequiredApiVersion":"2.2.0","hasComponent":"true","hasUnlockedComponent":"false","isUnifiedRootApp":"false","sienaVersion":"20240713T165556Z-3.24071.7.0"}</Tags>
      <IsCdsUpgraded>0</IsCdsUpgraded>
      <GalleryItemId xsi:nil="true"></GalleryItemId>
      <BackgroundColor>rgba(109, 49, 162, 1)</BackgroundColor>
      <DisplayName>App - demo FBX</DisplayName>
      <Description></Description>
      <CommitMessage></CommitMessage>
      <Publisher></Publisher>
      <AuthorizationReferences>[]</AuthorizationReferences>
      <ConnectionReferences>{"842639ee-384e-41c1-b8a7-6fa85e67d6b1":{"id":"/providers/microsoft.powerapps/apis/shared_sharepointonline","displayName":"SharePoint","iconUri":"https://connectoricons-prod.azureedge.net/u/jayawan/releases/v1.0.1697/1.0.1697.3786/sharepointonline/icon.png","dataSources":["Feedback_user"],"dependencies":[],"dependents":[],"parameterHints":{},"parameterHintsV2":{},"isOnPremiseConnection":false,"bypassConsent":false,"dataSets":{"https://expertime365.sharepoint.com/sites/EXPERTIME-ComponentsLibrary":{"dataSources":{"Feedback_user":{"tableName":"eb94eb3c-33db-4b26-8252-c2a4923ba048"}}}},"apiTier":"Standard","actions":["providers/PowerPlatform.Governance/Operations/Read","providers/PowerPlatform.Governance/Operations/Write","providers/PowerPlatform.Governance/Operations/Delete"]},"d6390577-d95f-4da2-8a75-fa8e028ef6c5":{"id":"/providers/microsoft.powerapps/apis/shared_powerappsforappmakers","displayName":"Power Apps for Makers","iconUri":"https://connectoricons-prod.azureedge.net/releases/v1.0.1684/1.0.1684.3697/powerappsforappmakers/icon.png","dataSources":["PowerAppsforMakers"],"dependencies":[],"dependents":[],"parameterHints":{},"parameterHintsV2":{},"isOnPremiseConnection":false,"bypassConsent":false,"dataSets":{},"apiTier":"Standard","actions":["Get-Apps"]}}</ConnectionReferences>
      <DatabaseReferences>{}</DatabaseReferences>
      <AppComponents>[]</AppComponents>
      <AppComponentDependencies>[{"appComponentName":"1824545a108f4a4d81d3348839cc6bdb","appName":"4afe9fc9-9bd0-411a-b0fe-23f2f093bdfc","appComponentLibraryName":"2ff33d89-7d03-4415-a475-e2ced718ed3e","appComponentLibraryVersion":"2024-07-14T14:31:03Z","appComponentLibraryLogicalName":"cr9fd_powerappstoolbox_1d687","tenantId":"08b195fc-5fdd-439c-920b-8af57d456c4c","environmentName":"63df2b26-a30f-ea98-bf2c-6dcc1e33691d"}]</AppComponentDependencies>
      <CanConsumeAppPass>1</CanConsumeAppPass>
      <CanvasAppType>0</CanvasAppType>
      <BypassConsent>0</BypassConsent>
      <EmbeddedApp xsi:nil="true"></EmbeddedApp>
      <IntroducedVersion>1.0</IntroducedVersion>
      <CdsDependencies>{"cdsdependencies":[{"componenttype":300,"logicalname":"cr9fd_powerappstoolbox_1d687","componenttypeplatformname":"CanvasApp"}]}</CdsDependencies>
      <IsCustomizable>1</IsCustomizable>
      <BackgroundImageUri>/CanvasApps/cr701_appdemofbx_b58c5_BackgroundImageUri</BackgroundImageUri>
      <DocumentUri>/CanvasApps/cr701_appdemofbx_b58c5_DocumentUri.msapp</DocumentUri>
      <AdditionalUris>
        <AdditionalUri>/CanvasApps/cr701_appdemofbx_b58c5_AdditionalUris0_identity.json</AdditionalUri>
      </AdditionalUris>
    </CanvasApp>
    <CanvasApp>
      <Name>cr9fd_powerappstoolbox_1d687</Name>
      <AppVersion>2024-08-08T19:53:48Z</AppVersion>
      <Status>Ready</Status>
      <CreatedByClientVersion>3.24081.4.0</CreatedByClientVersion>
      <MinClientVersion>3.24081.4.0</MinClientVersion>
      <Tags>{"primaryDeviceWidth":"640","primaryDeviceHeight":"1136","supportsPortrait":"true","supportsLandscape":"true","primaryFormFactor":"Phone","showStatusBar":"false","publisherVersion":"3.24081.4","minimumRequiredApiVersion":"2.2.0","hasComponent":"true","hasUnlockedComponent":"true","isUnifiedRootApp":"false","sienaVersion":"20240714T153430Z-3.24072.6.0","coauthoringEnabled":"true","multipleWritersEnabled":"true","acceptedCoauthoringTerms":"true"}</Tags>
      <IsCdsUpgraded>0</IsCdsUpgraded>
      <GalleryItemId xsi:nil="true"></GalleryItemId>
      <BackgroundColor>RGBA(251,101,60,1)</BackgroundColor>
      <DisplayName>Power Apps Channel - TOOLBOX</DisplayName>
      <Description>* Avec Instructions: Page Maker Guide
* et page Maker Demo</Description>
      <CommitMessage xsi:nil="true"></CommitMessage>
      <Publisher xsi:nil="true"></Publisher>
      <AuthorizationReferences>[]</AuthorizationReferences>
      <ConnectionReferences>{"d6390577-d95f-4da2-8a75-fa8e028ef6c5":{"id":"/providers/microsoft.powerapps/apis/shared_powerappsforappmakers","displayName":"Power Apps for Makers","iconUri":"https://connectoricons-prod.azureedge.net/releases/v1.0.1684/1.0.1684.3697/powerappsforappmakers/icon.png","dataSources":["PowerAppsforMakers"],"dependencies":[],"dependents":[],"parameterHints":{},"parameterHintsV2":{},"isOnPremiseConnection":false,"bypassConsent":false,"dataSets":{},"apiTier":"Standard","actions":["Get-Apps"]},"fc1d9889-bba8-4f3f-b18a-8db8f4137002":{"id":"/providers/microsoft.powerapps/apis/shared_sharepointonline","displayName":"SharePoint","iconUri":"https://connectoricons-prod.azureedge.net/u/jayawan/releases/v1.0.1697/1.0.1697.3786/sharepointonline/icon.png","dataSources":["Feedback_user"],"dependencies":[],"dependents":[],"parameterHints":{},"parameterHintsV2":{},"isOnPremiseConnection":false,"bypassConsent":false,"dataSets":{"https://spteampro.sharepoint.com/teams/Components-Toolbox_cr701_shared_sharepointonline_327ecf39d8494b5f86a9e400d1caafeb":{"datasetOverride":{"name":"https://spteampro.sharepoint.com/teams/Components-Toolbox","environmentVariableName":"cr701_shared_sharepointonline_327ecf39d8494b5f86a9e400d1caafeb"},"dataSources":{"Feedback_user":{"tableName":"5f65cabe-6a28-409b-b230-29270745ed58","tableNameOverride":{"name":"5f65cabe-6a28-409b-b230-29270745ed58","environmentVariableName":"cr701_shared_sharepointonline_c1ac7194feb34505b2a7a338a1acc55f"}}}}},"apiTier":"Standard","actions":["providers/PowerPlatform.Governance/Operations/Read","providers/PowerPlatform.Governance/Operations/Write"]}}</ConnectionReferences>
      <DatabaseReferences>{"default.cds":{"databaseDetails":{"referenceType":"Environmental","environmentName":"default.cds","overrideValues":{"status":"NotSpecified","environmentVariableName":""}},"dataSources":{"dvFeedback_users":{"entitySetName":"cr701_dvfeedback_users","logicalName":"cr701_dvfeedback_user"}}}}</DatabaseReferences>
      <AppComponents>[{"appComponentName":"1824545a108f4a4d81d3348839cc6bdb","displayName":"PA-Channel - InApp Feedback","description":"v0713-17","appName":"2ff33d89-7d03-4415-a475-e2ced718ed3e","appVersion":"2024-08-08T19:53:48Z","appComponentLibraryLogicalName":"cr9fd_powerappstoolbox_1d687","appDisplayName":"Power Apps Channel - TOOLBOX","environmentName":"63df2b26-a30f-ea98-bf2c-6dcc1e33691d","owner":{"id":"6ecb40a0-2c2c-4cf3-9923-a09aa6d3d708","displayName":"Pascal Youtube-Tutorials","email":"Pascal.Youtube@modernapps.fr","type":"User","tenantId":"08b195fc-5fdd-439c-920b-8af57d456c4c","userPrincipalName":"Pascal.Youtube@modernapps.fr"},"allowCustomization":true,"createdOn":"2024-06-26T10:06:56.112Z","lastModifiedOn":"2024-07-14T18:53:27.237Z","connectionReferences":{"d6390577-d95f-4da2-8a75-fa8e028ef6c5":{"id":"/providers/microsoft.powerapps/apis/shared_powerappsforappmakers","dataSources":["PowerAppsforMakers"],"dependencies":[],"dependents":[],"parameterHints":{},"parameterHintsV2":{},"isOnPremiseConnection":false,"dataSets":{},"actions":["Get-Apps"]},"fc1d9889-bba8-4f3f-b18a-8db8f4137002":{"id":"/providers/microsoft.powerapps/apis/shared_sharepointonline","dataSources":["Feedback_user"],"dependencies":[],"dependents":[],"parameterHints":{},"parameterHintsV2":{},"isOnPremiseConnection":false,"dataSets":{"https://spteampro.sharepoint.com/teams/Components-Toolbox_cr701_shared_sharepointonline_327ecf39d8494b5f86a9e400d1caafeb":{"datasetOverride":{"name":"https://spteampro.sharepoint.com/teams/Components-Toolbox","environmentVariableName":"cr701_shared_sharepointonline_327ecf39d8494b5f86a9e400d1caafeb"},"dataSources":{"Feedback_user":{"tableName":"5f65cabe-6a28-409b-b230-29270745ed58","tableNameOverride":{"name":"5f65cabe-6a28-409b-b230-29270745ed58","environmentVariableName":"cr701_shared_sharepointonline_c1ac7194feb34505b2a7a338a1acc55f"}}}}},"actions":["providers/PowerPlatform.Governance/Operations/Read","providers/PowerPlatform.Governance/Operations/Write"]}},"databaseReferences":{"default.cds":{"databaseDetails":{"referenceType":"NotSpecified","environmentName":"default.cds","overrideValues":{"status":"NotSpecified","environmentVariableName":""}},"dataSources":{"dvFeedback_users":{"entitySetName":"cr701_dvfeedback_users","logicalName":"cr701_dvfeedback_user"}}}}},{"appComponentName":"d7c629438b8440998ce458cc28277fa7","displayName":"PA-Channel - News and Update","description":"inapp ","appName":"2ff33d89-7d03-4415-a475-e2ced718ed3e","appVersion":"2024-08-08T19:53:48Z","appComponentLibraryLogicalName":"cr9fd_powerappstoolbox_1d687","appDisplayName":"Power Apps Channel - TOOLBOX","environmentName":"63df2b26-a30f-ea98-bf2c-6dcc1e33691d","owner":{"id":"6ecb40a0-2c2c-4cf3-9923-a09aa6d3d708","displayName":"Pascal Youtube-Tutorials","email":"Pascal.Youtube@modernapps.fr","type":"User","tenantId":"08b195fc-5fdd-439c-920b-8af57d456c4c","userPrincipalName":"Pascal.Youtube@modernapps.fr"},"allowCustomization":true,"createdOn":"2024-06-26T10:06:56.112Z","lastModifiedOn":"2024-07-14T18:53:27.237Z","connectionReferences":{"d6390577-d95f-4da2-8a75-fa8e028ef6c5":{"id":"/providers/microsoft.powerapps/apis/shared_powerappsforappmakers","dataSources":["PowerAppsforMakers"],"dependencies":[],"dependents":[],"parameterHints":{},"parameterHintsV2":{},"isOnPremiseConnection":false,"dataSets":{},"actions":["Get-Apps"]},"fc1d9889-bba8-4f3f-b18a-8db8f4137002":{"id":"/providers/microsoft.powerapps/apis/shared_sharepointonline","dataSources":["Feedback_user"],"dependencies":[],"dependents":[],"parameterHints":{},"parameterHintsV2":{},"isOnPremiseConnection":false,"dataSets":{"https://spteampro.sharepoint.com/teams/Components-Toolbox_cr701_shared_sharepointonline_327ecf39d8494b5f86a9e400d1caafeb":{"datasetOverride":{"name":"https://spteampro.sharepoint.com/teams/Components-Toolbox","environmentVariableName":"cr701_shared_sharepointonline_327ecf39d8494b5f86a9e400d1caafeb"},"dataSources":{"Feedback_user":{"tableName":"5f65cabe-6a28-409b-b230-29270745ed58","tableNameOverride":{"name":"5f65cabe-6a28-409b-b230-29270745ed58","environmentVariableName":"cr701_shared_sharepointonline_c1ac7194feb34505b2a7a338a1acc55f"}}}}},"actions":["providers/PowerPlatform.Governance/Operations/Read","providers/PowerPlatform.Governance/Operations/Write"]}},"databaseReferences":{"default.cds":{"databaseDetails":{"referenceType":"NotSpecified","environmentName":"default.cds","overrideValues":{"status":"NotSpecified","environmentVariableName":""}},"dataSources":{"dvFeedback_users":{"entitySetName":"cr701_dvfeedback_users","logicalName":"cr701_dvfeedback_user"}}}}},{"appComponentName":"146710d1e8a0410785b3cdeae1fd217b","displayName":"PA-Channel - Dialogue Modal","appName":"2ff33d89-7d03-4415-a475-e2ced718ed3e","appVersion":"2024-08-08T19:53:48Z","appComponentLibraryLogicalName":"cr9fd_powerappstoolbox_1d687","appDisplayName":"Power Apps Channel - TOOLBOX","environmentName":"63df2b26-a30f-ea98-bf2c-6dcc1e33691d","owner":{"id":"6ecb40a0-2c2c-4cf3-9923-a09aa6d3d708","displayName":"Pascal Youtube-Tutorials","email":"Pascal.Youtube@modernapps.fr","type":"User","tenantId":"08b195fc-5fdd-439c-920b-8af57d456c4c","userPrincipalName":"Pascal.Youtube@modernapps.fr"},"allowCustomization":true,"createdOn":"2024-06-26T10:06:56.112Z","lastModifiedOn":"2024-07-14T18:53:27.237Z","connectionReferences":{"d6390577-d95f-4da2-8a75-fa8e028ef6c5":{"id":"/providers/microsoft.powerapps/apis/shared_powerappsforappmakers","dataSources":["PowerAppsforMakers"],"dependencies":[],"dependents":[],"parameterHints":{},"parameterHintsV2":{},"isOnPremiseConnection":false,"dataSets":{},"actions":["Get-Apps"]},"fc1d9889-bba8-4f3f-b18a-8db8f4137002":{"id":"/providers/microsoft.powerapps/apis/shared_sharepointonline","dataSources":["Feedback_user"],"dependencies":[],"dependents":[],"parameterHints":{},"parameterHintsV2":{},"isOnPremiseConnection":false,"dataSets":{"https://spteampro.sharepoint.com/teams/Components-Toolbox_cr701_shared_sharepointonline_327ecf39d8494b5f86a9e400d1caafeb":{"datasetOverride":{"name":"https://spteampro.sharepoint.com/teams/Components-Toolbox","environmentVariableName":"cr701_shared_sharepointonline_327ecf39d8494b5f86a9e400d1caafeb"},"dataSources":{"Feedback_user":{"tableName":"5f65cabe-6a28-409b-b230-29270745ed58","tableNameOverride":{"name":"5f65cabe-6a28-409b-b230-29270745ed58","environmentVariableName":"cr701_shared_sharepointonline_c1ac7194feb34505b2a7a338a1acc55f"}}}}},"actions":["providers/PowerPlatform.Governance/Operations/Read","providers/PowerPlatform.Governance/Operations/Write"]}},"databaseReferences":{"default.cds":{"databaseDetails":{"referenceType":"NotSpecified","environmentName":"default.cds","overrideValues":{"status":"NotSpecified","environmentVariableName":""}},"dataSources":{"dvFeedback_users":{"entitySetName":"cr701_dvfeedback_users","logicalName":"cr701_dvfeedback_user"}}}}},{"appComponentName":"021999549c7a401b90637e48065524a0","displayName":"PA-Channel - Modern Card","appName":"2ff33d89-7d03-4415-a475-e2ced718ed3e","appVersion":"2024-08-08T19:53:48Z","appComponentLibraryLogicalName":"cr9fd_powerappstoolbox_1d687","appDisplayName":"Power Apps Channel - TOOLBOX","environmentName":"63df2b26-a30f-ea98-bf2c-6dcc1e33691d","owner":{"id":"6ecb40a0-2c2c-4cf3-9923-a09aa6d3d708","displayName":"Pascal Youtube-Tutorials","email":"Pascal.Youtube@modernapps.fr","type":"User","tenantId":"08b195fc-5fdd-439c-920b-8af57d456c4c","userPrincipalName":"Pascal.Youtube@modernapps.fr"},"allowCustomization":true,"createdOn":"2024-06-26T10:06:56.112Z","lastModifiedOn":"2024-07-14T18:53:27.237Z","connectionReferences":{"d6390577-d95f-4da2-8a75-fa8e028ef6c5":{"id":"/providers/microsoft.powerapps/apis/shared_powerappsforappmakers","dataSources":["PowerAppsforMakers"],"dependencies":[],"dependents":[],"parameterHints":{},"parameterHintsV2":{},"isOnPremiseConnection":false,"dataSets":{},"actions":["Get-Apps"]},"fc1d9889-bba8-4f3f-b18a-8db8f4137002":{"id":"/providers/microsoft.powerapps/apis/shared_sharepointonline","dataSources":["Feedback_user"],"dependencies":[],"dependents":[],"parameterHints":{},"parameterHintsV2":{},"isOnPremiseConnection":false,"dataSets":{"https://spteampro.sharepoint.com/teams/Components-Toolbox_cr701_shared_sharepointonline_327ecf39d8494b5f86a9e400d1caafeb":{"datasetOverride":{"name":"https://spteampro.sharepoint.com/teams/Components-Toolbox","environmentVariableName":"cr701_shared_sharepointonline_327ecf39d8494b5f86a9e400d1caafeb"},"dataSources":{"Feedback_user":{"tableName":"5f65cabe-6a28-409b-b230-29270745ed58","tableNameOverride":{"name":"5f65cabe-6a28-409b-b230-29270745ed58","environmentVariableName":"cr701_shared_sharepointonline_c1ac7194feb34505b2a7a338a1acc55f"}}}}},"actions":["providers/PowerPlatform.Governance/Operations/Read","providers/PowerPlatform.Governance/Operations/Write"]}},"databaseReferences":{"default.cds":{"databaseDetails":{"referenceType":"NotSpecified","environmentName":"default.cds","overrideValues":{"status":"NotSpecified","environmentVariableName":""}},"dataSources":{"dvFeedback_users":{"entitySetName":"cr701_dvfeedback_users","logicalName":"cr701_dvfeedback_user"}}}}}]</AppComponents>
      <AppComponentDependencies>[]</AppComponentDependencies>
      <CanConsumeAppPass>1</CanConsumeAppPass>
      <CanvasAppType>1</CanvasAppType>
      <BypassConsent>0</BypassConsent>
      <AdminControlBypassConsent>0</AdminControlBypassConsent>
      <EmbeddedApp xsi:nil="true"></EmbeddedApp>
      <IntroducedVersion>1.0</IntroducedVersion>
      <CdsDependencies>{"cdsdependencies":[{"logicalname":"cr701_dvfeedback_user","componenttype":1},{"logicalname":"cr701_shared_sharepointonline_327ecf39d8494b5f86a9e400d1caafeb","componenttype":380,"componenttypeplatformname":"EnvironmentVariableDefinition"},{"logicalname":"cr701_shared_sharepointonline_c1ac7194feb34505b2a7a338a1acc55f","componenttype":380,"componenttypeplatformname":"EnvironmentVariableDefinition"}]}</CdsDependencies>
      <IsCustomizable>1</IsCustomizable>
      <BackgroundImageUri>/CanvasApps/cr9fd_powerappstoolbox_1d687_BackgroundImageUri</BackgroundImageUri>
      <DocumentUri>/CanvasApps/cr9fd_powerappstoolbox_1d687_DocumentUri.msapp</DocumentUri>
      <AdditionalUris>
        <AdditionalUri>/CanvasApps/cr9fd_powerappstoolbox_1d687_AdditionalUris0_identity.json</AdditionalUri>
      </AdditionalUris>
    </CanvasApp>
  </CanvasApps>
  <Languages>
    <Language>1033</Language>
  </Languages>
</ImportExportXml>