{"schemaVersion":"1.0","appDefinitionTemplate":{"id":"/providers/Microsoft.PowerApps/apps/","type":"Microsoft.PowerApps/apps","tags":{"primaryDeviceWidth":"1366","primaryDeviceHeight":"768","supportsPortrait":"true","supportsLandscape":"true","primaryFormFactor":"Tablet","showStatusBar":"false","publisherVersion":"3.24095.14","minimumRequiredApiVersion":"2.2.0","hasComponent":"true","hasUnlockedComponent":"true","isUnifiedRootApp":"false","sienaVersion":"20241006T194450Z-3.24095.14.0"},"properties":{"appVersion":"2024-10-06T19:44:50Z","lifeCycleId":"Published","createdByClientVersion":{"major":3,"minor":24095,"build":14,"revision":0,"majorRevision":0,"minorRevision":0},"minClientVersion":{"major":3,"minor":24095,"build":14,"revision":0,"majorRevision":0,"minorRevision":0},"backgroundColor":"rgba(109, 49, 162, 1)","backgroundImageUri":"/4190523532592319340/N54b9d5ec-46b3-46f2-9882-e1e93587ce6d-logoSmallFile","displayName":"PAP Channel - inApp Feedback","description":"","commitMessage":"","appUris":{"documentUri":{"value":"/4190523532592319340/Nfb916b3d-ff6d-4723-942b-7020d5cf42f7-document.msapp"},"imageUris":[],"additionalUris":[{"isSolutionAware":false,"value":"/4190523532592319340/Nccfde1c9-6836-466a-941e-17e1cff15846-identity.json"}]},"createdTime":"0001-01-01T00:00:00Z","lastModifiedTime":"0001-01-01T00:00:00Z","sharedGroupsCount":0,"sharedUsersCount":0,"connectionReferences":{"d6390577-d95f-4da2-8a75-fa8e028ef6c5":{"id":"b7121782-545e-4982-9f57-a1547ebb53b9","displayName":"Power Apps for Makers","iconUri":"https://connectoricons-prod.azureedge.net/releases/v1.0.1684/1.0.1684.3697/powerappsforappmakers/icon.png","dataSources":["PowerAppsforMakers"],"dependencies":[],"dependents":[],"parameterHints":{},"parameterHintsV2":{},"isOnPremiseConnection":false,"bypassConsent":false,"dataSets":{},"apiTier":"Standard","isCustomApiConnection":false,"actions":["Get-Apps"]}},"databaseReferences":{},"almMode":"Environment","performanceOptimizationEnabled":false,"canConsumeAppPass":false,"enableModernRuntimeMode":false,"executionRestrictions":{"isTeamsOnly":false,"dataLossPreventionEvaluationResult":{"status":"Compliant","lastEvaluationDate":"2024-08-08T19:50:07.1256535Z","violations":[],"violationsByPolicy":[],"violationErrorMessage":"The app uses the following connectors: ."}}},"appType":"ClassicCanvasApp","appComponents":[]}}